{"name":"horario","identifier":"D3XZCI1ORH","description":null,"parentIntentSignature":null,"sampleUtterances":[{"utterance":"Qual é o horário do programa de bolsas?"},{"utterance":"Quantas horas por dia devo dedicar ao programa?"},{"utterance":"Posso trabalhar fora do horário estipulado?"},{"utterance":"Me fale sobre a carga horária do programa."},{"utterance":"Quero saber mais sobre o horário do programa."},{"utterance":"O programa de bolsas tem horário flexível?"},{"utterance":"Quais são os dias da semana do programa de bolsas?"},{"utterance":"O que acontece se eu perder um dia do programa?"},{"utterance":"Existe um horário de almoço no programa de bolsas?"},{"utterance":"Como são organizadas as atividades diárias no programa?"}],"intentConfirmationSetting":null,"intentClosingSetting":null,"initialResponseSetting":{"nextStep":{"sessionAttributes":null,"intent":{"name":null,"slots":null},"dialogAction":{"type":"InvokeDialogCodeHook","slotToElicit":null,"suppressNextMessage":null}},"conditional":null,"codeHook":{"isActive":true,"enableCodeHookInvocation":true,"invocationLabel":null,"postCodeHookSpecification":{"failureResponse":null,"failureNextStep":{"sessionAttributes":null,"intent":{"name":null,"slots":null},"dialogAction":{"type":"EndConversation","slotToElicit":null,"suppressNextMessage":null}},"failureConditional":null,"successResponse":null,"successNextStep":{"sessionAttributes":null,"intent":{"name":null,"slots":null},"dialogAction":{"type":"EndConversation","slotToElicit":null,"suppressNextMessage":null}},"successConditional":null,"timeoutResponse":null,"timeoutNextStep":{"sessionAttributes":null,"intent":{"name":null,"slots":null},"dialogAction":{"type":"EndConversation","slotToElicit":null,"suppressNextMessage":null}},"timeoutConditional":null}},"initialResponse":{"messageGroupsList":[{"message":{"ssmlMessage":null,"customPayload":null,"plainTextMessage":{"value":"\"O programa de bolsas ocorre de segunda a sexta-feira, das 8h30 às 12h30. Não é permitido atuar fora desse horário, incluindo finais de semana e feriados.\""},"imageResponseCard":null},"variations":null}],"allowInterrupt":true}},"inputContexts":null,"outputContexts":null,"kendraConfiguration":null,"qnAIntentConfiguration":null,"bedrockAgentIntentConfiguration":null,"dialogCodeHook":null,"fulfillmentCodeHook":null,"slotPriorities":[]}