{"name":"SobrePrograma","identifier":"7K9SL5ORWW","description":null,"parentIntentSignature":null,"sampleUtterances":[{"utterance":"O que é o programa de bolsas?"},{"utterance":"Como funciona o programa de bolsas?"},{"utterance":"Quais são os benefícios do programa de bolsas?"},{"utterance":"Me fale sobre o programa de bolsas."},{"utterance":"Quero saber mais sobre o programa de bolsas."},{"utterance":"Como posso participar do programa de bolsas?"},{"utterance":"Quem pode se inscrever no programa de bolsas?"},{"utterance":"Quais são os requisitos para o programa de bolsas?"},{"utterance":"Quando começa o programa de bolsas?"},{"utterance":"Onde posso encontrar mais informações sobre o programa de bolsas?"}],"intentConfirmationSetting":null,"intentClosingSetting":null,"initialResponseSetting":{"nextStep":{"sessionAttributes":null,"intent":{"name":null,"slots":null},"dialogAction":{"type":"InvokeDialogCodeHook","slotToElicit":null,"suppressNextMessage":null}},"conditional":null,"codeHook":{"isActive":true,"enableCodeHookInvocation":true,"invocationLabel":null,"postCodeHookSpecification":{"failureResponse":null,"failureNextStep":{"sessionAttributes":null,"intent":{"name":null,"slots":null},"dialogAction":{"type":"EndConversation","slotToElicit":null,"suppressNextMessage":null}},"failureConditional":null,"successResponse":null,"successNextStep":{"sessionAttributes":null,"intent":{"name":null,"slots":null},"dialogAction":{"type":"EndConversation","slotToElicit":null,"suppressNextMessage":null}},"successConditional":null,"timeoutResponse":null,"timeoutNextStep":{"sessionAttributes":null,"intent":{"name":null,"slots":null},"dialogAction":{"type":"EndConversation","slotToElicit":null,"suppressNextMessage":null}},"timeoutConditional":null}},"initialResponse":{"messageGroupsList":[{"message":{"ssmlMessage":null,"customPayload":null,"plainTextMessage":{"value":"O programa de bolsas da Compass oferece uma oportunidade de aprendizado em tecnologias de ponta, com foco em Machine Learning e DevOps. Durante cinco meses, os alunos participam de atividades práticas e teóricas, com suporte de instrutores e acesso a plataformas de aprendizado como a Udemy"},"imageResponseCard":null},"variations":null}],"allowInterrupt":true}},"inputContexts":null,"outputContexts":null,"kendraConfiguration":null,"qnAIntentConfiguration":null,"bedrockAgentIntentConfiguration":null,"dialogCodeHook":null,"fulfillmentCodeHook":null,"slotPriorities":[]}