{"name":"culturaCompass","identifier":"I2O0GIXG6E","description":null,"parentIntentSignature":null,"sampleUtterances":[{"utterance":"Como é a cultura da Compass?"},{"utterance":"Posso fazer networking durante o programa?"},{"utterance":"Quais são os valores da empresa?"},{"utterance":"Me fale sobre a cultura da empresa."},{"utterance":"Quero saber mais sobre o networking no programa."}],"intentConfirmationSetting":null,"intentClosingSetting":null,"initialResponseSetting":{"nextStep":{"sessionAttributes":null,"intent":{"name":null,"slots":null},"dialogAction":{"type":"InvokeDialogCodeHook","slotToElicit":null,"suppressNextMessage":null}},"conditional":null,"codeHook":{"isActive":true,"enableCodeHookInvocation":true,"invocationLabel":null,"postCodeHookSpecification":{"failureResponse":null,"failureNextStep":{"sessionAttributes":null,"intent":{"name":null,"slots":null},"dialogAction":{"type":"EndConversation","slotToElicit":null,"suppressNextMessage":null}},"failureConditional":null,"successResponse":null,"successNextStep":{"sessionAttributes":null,"intent":{"name":null,"slots":null},"dialogAction":{"type":"EndConversation","slotToElicit":null,"suppressNextMessage":null}},"successConditional":null,"timeoutResponse":null,"timeoutNextStep":{"sessionAttributes":null,"intent":{"name":null,"slots":null},"dialogAction":{"type":"EndConversation","slotToElicit":null,"suppressNextMessage":null}},"timeoutConditional":null}},"initialResponse":{"messageGroupsList":[{"message":{"ssmlMessage":null,"customPayload":null,"plainTextMessage":{"value":"A Compass valoriza profundamente o respeito e a colaboração entre todos os membros da equipe. Nossa cultura é baseada em relações de confiança e respeito mútuo, sem tolerância para qualquer forma de intolerância, conduta abusiva ou discriminação. Durante o programa de bolsas, você terá a oportunidade de fazer networking com colegas de diversas instituições e áreas, o que é uma excelente chance para expandir seu conhecimento e construir conexões valiosas. Lembre-se de que o respeito é a chave para um ambiente de trabalho saudável e produtivo. Estamos aqui para apoiar seu desenvolvimento profissional e pessoal, e esperamos que você também contribua para um ambiente positivo e inclusivo."},"imageResponseCard":null},"variations":null}],"allowInterrupt":true}},"inputContexts":null,"outputContexts":null,"kendraConfiguration":null,"qnAIntentConfiguration":null,"bedrockAgentIntentConfiguration":null,"dialogCodeHook":null,"fulfillmentCodeHook":null,"slotPriorities":[]}