{"name":"BotCapabilities","identifier":"SAM6FORE3U","description":null,"parentIntentSignature":null,"sampleUtterances":[{"utterance":"O que você pode fazer?"},{"utterance":"Quais são suas funcionalidades?"},{"utterance":"Como você pode me ajudar?"},{"utterance":"O que este bot faz?"},{"utterance":"Me fale sobre suas capacidades."},{"utterance":"Quais informações você pode fornecer?"},{"utterance":"Como você pode me auxiliar?"},{"utterance":"Que tipo de perguntas você pode responder?"}],"intentConfirmationSetting":null,"intentClosingSetting":null,"initialResponseSetting":{"nextStep":{"sessionAttributes":null,"intent":{"name":null,"slots":null},"dialogAction":{"type":"InvokeDialogCodeHook","slotToElicit":null,"suppressNextMessage":null}},"conditional":null,"codeHook":{"isActive":true,"enableCodeHookInvocation":true,"invocationLabel":null,"postCodeHookSpecification":{"failureResponse":null,"failureNextStep":{"sessionAttributes":null,"intent":{"name":null,"slots":null},"dialogAction":{"type":"EndConversation","slotToElicit":null,"suppressNextMessage":null}},"failureConditional":null,"successResponse":null,"successNextStep":{"sessionAttributes":null,"intent":{"name":null,"slots":null},"dialogAction":{"type":"EndConversation","slotToElicit":null,"suppressNextMessage":null}},"successConditional":null,"timeoutResponse":null,"timeoutNextStep":{"sessionAttributes":null,"intent":{"name":null,"slots":null},"dialogAction":{"type":"EndConversation","slotToElicit":null,"suppressNextMessage":null}},"timeoutConditional":null}},"initialResponse":{"messageGroupsList":[{"message":{"ssmlMessage":null,"customPayload":null,"plainTextMessage":{"value":"Eu posso ajudar com as seguintes informações: - Informações sobre o Programa de Bolsas - Detalhes sobre a Certificação AWS - Horário e Carga Horária do Programa - Regras de Comportamento e Avaliação - Suporte e Contato com o Time - Networking e Cultura da Empresa - Informações sobre a Intranet e Ferramentas Se precisar de mais detalhes sobre qualquer um desse, ainda posso oferecer informações sobre os alunos da turma atual."},"imageResponseCard":null},"variations":null}],"allowInterrupt":true}},"inputContexts":null,"outputContexts":null,"kendraConfiguration":null,"qnAIntentConfiguration":null,"bedrockAgentIntentConfiguration":null,"dialogCodeHook":null,"fulfillmentCodeHook":null,"slotPriorities":[]}