{"name":"certificacaoAWS","identifier":"8X7SPP2NJN","description":null,"parentIntentSignature":null,"sampleUtterances":[{"utterance":"Como funciona a certificação AWS?"},{"utterance":"Quais documentos preciso para a certificação?"},{"utterance":"Quando recebo o voucher da AWS?"},{"utterance":"Me fale sobre a certificação AWS."},{"utterance":"Quero saber mais sobre a certificação AWS."},{"utterance":"Como posso me preparar para a certificação AWS?"},{"utterance":"Quais são os tipos de certificação AWS disponíveis?"},{"utterance":"Quanto tempo leva para obter a certificação AWS?"},{"utterance":"Onde posso fazer o exame de certificação AWS?"},{"utterance":"Quais são os benefícios de ter uma certificação AWS?"}],"intentConfirmationSetting":null,"intentClosingSetting":null,"initialResponseSetting":{"nextStep":{"sessionAttributes":null,"intent":{"name":null,"slots":null},"dialogAction":{"type":"InvokeDialogCodeHook","slotToElicit":null,"suppressNextMessage":null}},"conditional":null,"codeHook":{"isActive":true,"enableCodeHookInvocation":true,"invocationLabel":null,"postCodeHookSpecification":{"failureResponse":null,"failureNextStep":{"sessionAttributes":null,"intent":{"name":null,"slots":null},"dialogAction":{"type":"EndConversation","slotToElicit":null,"suppressNextMessage":null}},"failureConditional":null,"successResponse":null,"successNextStep":{"sessionAttributes":null,"intent":{"name":null,"slots":null},"dialogAction":{"type":"EndConversation","slotToElicit":null,"suppressNextMessage":null}},"successConditional":null,"timeoutResponse":null,"timeoutNextStep":{"sessionAttributes":null,"intent":{"name":null,"slots":null},"dialogAction":{"type":"EndConversation","slotToElicit":null,"suppressNextMessage":null}},"timeoutConditional":null}},"initialResponse":{"messageGroupsList":[{"message":{"ssmlMessage":null,"customPayload":null,"plainTextMessage":{"value":"Você receberá um voucher para a certificação AWS faltando 20 dias para o final do programa. É necessário ter um documento de identificação, como CNH ou passaporte, para realizar a prova."},"imageResponseCard":null},"variations":null}],"allowInterrupt":true}},"inputContexts":null,"outputContexts":null,"kendraConfiguration":null,"qnAIntentConfiguration":null,"bedrockAgentIntentConfiguration":null,"dialogCodeHook":{"enabled":false},"fulfillmentCodeHook":null,"slotPriorities":[{"priority":1,"slotName":"documento"}]}